{
    "multipart": [
        {   "apply": { "model": "minecraft:block/lime_stained_glass_pane_post" }},
        {   "when": { "north": "true" },
            "apply": { "model": "minecraft:block/lime_stained_glass_pane_side" }
        },
        {   "when": { "east": "true" },
            "apply": { "model": "minecraft:block/lime_stained_glass_pane_side", "y": 90 }
        },
        {   "when": { "south": "true" },
            "apply": { "model": "minecraft:block/lime_stained_glass_pane_side_alt" }
        },
        {   "when": { "west": "true" },
            "apply": { "model": "minecraft:block/lime_stained_glass_pane_side_alt", "y": 90 }
        },
	{   "when": { "north": "false" },
            "apply": { "model": "minecraft:block/lime_stained_glass_pane_noside" }
        },
        {   "when": { "east": "false" },
            "apply": { "model": "minecraft:block/lime_stained_glass_pane_noside", "y": 90 }
        },
        {   "when": { "south": "false" },
            "apply": { "model": "minecraft:block/lime_stained_glass_pane_noside", "y": 180 }
        },
        {   "when": { "west": "false" },
            "apply": { "model": "minecraft:block/lime_stained_glass_pane_noside", "y": 270 }
        },
	{   "when": { "west": "true", "north": "true", "east": "true", "south": "true" },
            "apply": { "model": "minecraft:block/lime_stained_glass_pane_noside_alt" }
        },
	{   "when": { "west": "true", "north": "false", "east": "true", "south": "true" },
            "apply": { "model": "minecraft:block/lime_stained_glass_pane_noside", "y": 180 }
        },
	{   "when": { "west": "true", "north": "true", "east": "false", "south": "true" },
            "apply": { "model": "minecraft:block/lime_stained_glass_pane_noside", "y": 270 }
        },
	{   "when": { "west": "false", "north": "true", "east": "true", "south": "true" },
            "apply": { "model": "minecraft:block/lime_stained_glass_pane_noside", "y": 90 }
        },
	{   "when": { "west": "true", "north": "true", "east": "true", "south": "false" },
            "apply": { "model": "minecraft:block/lime_stained_glass_pane_noside" }
        }
    ]
}
